timestamp_utc,timestamp_local,deck,status
2026-10-06T04:15:04+00:00,2026-10-06T00:15:04-04:00,East,good
2026-10-06T04:15:04+00:00,2026-10-06T00:15:04-04:00,West,good
2026-10-06T04:15:04+00:00,2026-10-06T00:15:04-04:00,Eisenhower,good
2026-10-06T04:15:04+00:00,2026-10-06T00:15:04-04:00,HUB,good
2026-10-06T04:15:04+00:00,2026-10-06T00:15:04-04:00,Nittany,good
2026-10-06T11:17:56+00:00,2026-10-06T07:17:56-04:00,East,good
2026-10-06T11:17:56+00:00,2026-10-06T07:17:56-04:00,West,good
2026-10-06T11:17:56+00:00,2026-10-06T07:17:56-04:00,Eisenhower,good
2026-10-06T11:17:56+00:00,2026-10-06T07:17:56-04:00,HUB,good
2026-10-06T11:17:56+00:00,2026-10-06T07:17:56-04:00,Nittany,good
2026-10-06T17:15:34+00:00,2026-10-06T13:15:34-04:00,East,poor
2026-10-06T17:15:34+00:00,2026-10-06T13:15:34-04:00,West,poor
2026-10-06T17:15:34+00:00,2026-10-06T13:15:34-04:00,Eisenhower,poor
2026-10-06T17:15:34+00:00,2026-10-06T13:15:34-04:00,HUB,poor
2026-10-06T17:15:34+00:00,2026-10-06T13:15:34-04:00,Nittany,poor
